login,name,company,location,email,hireable,bio,public_repos,followers,following,created_at
peng-zhihui,,,,,,,,,,
ruanyf,,,,,,,,,,
phodal,,,,,,,,,,
liyupi,,,,,,,,,,
stormzhang,,,,,,,,,,
Ovilia,,,,,,,,,,
astaxie,,,,,,,,,,
bailicangdu,,,,,,,,,,
PanJiaChen,,,,,,,,,,
YunaiV,,,,,,,,,,
sofish,,,,,,,,,,
dyc87112,,,,,,,,,,
skyzh,,,,,,,,,,
nihui,,,,,,,,,,
oldratlee,,,,,,,,,,
xufei,,,,,,,,,,
amusi,,,,,,,,,,
TommyZihao,,,,,,,,,,
xuxueli,,,,,,,,,,
wx-chevalier,,,,,,,,,,
krahets,,,,,,,,,,
teddysun,,,,,,,,,,
espressif,,,,,,,,,,
hellokaton,,,,,,,,,,
madeye,,,,,,,,,,
hax,,,,,,,,,,
pissang,,,,,,,,,,
kesenhoo,,,,,,,,,,
jmzeng1314,,,,,,,,,,
yiminghe,,,,,,,,,,
code4craft,,,,,,,,,,
lexrus,,,,,,,,,,
casatwy,,,,,,,,,,
xpqiu,,,,,,,,,,
candycat1992,,,,,,,,,,
markzhai,,,,,,,,,,
matyhtf,,,,,,,,,,
Justineo,,,,,,,,,,
binjie09,,,,,,,,,,
gsdios,,,,,,,,,,
GcsSloop,,,,,,,,,,
Ewenwan,,,,,,,,,,
KittenYang,,,,,,,,,,
kymjs,,,,,,,,,,
sl1673495,,,,,,,,,,
vnpy,,,,,,,,,,
formulahendry,,,,,,,,,,
tiye,,,,,,,,,,
Skykai521,,,,,,,,,,
feiskyer,,,,,,,,,,
greyli,,,,,,,,,,
geektutu,,,,,,,,,,
Lucifier129,,,,,,,,,,
archibate,,,,,,,,,,
zzz40500,,,,,,,,,,
VincentWong3,,,,,,,,,,
mmin18,,,,,,,,,,
DjangoPeng,,,,,,,,,,
Vamei,,,,,,,,,,
wong2,,,,,,,,,,
shidenggui,,,,,,,,,,
bilibili,,,,,,,,,,
island205,,,,,,,,,,
armink,,,,,,,,,,
igrr,,,,,,,,,,
xuyisheng,,,,,,,,,,
MaxwellGengYF,,,,,,,,,,
iamkun,,,,,,,,,,
uknowsec,,,,,,,,,,
davideuler,,,,,,,,,,
Jannchie,,,,,,,,,,
ctiao,,,,,,,,,,
begeekmyfriend,,,,,,,,,,
kuitos,,,,,,,,,,
FrozenGene,,,,,,,,,,
yc9559,,,,,,,,,,
qii,,,,,,,,,,
csvwolf,,,,,,,,,,
CymChad,,,,,,,,,,
yisar,,,,,,,,,,
ihciah,,,,,,,,,,
electech6,,,,,,,,,,
BaronZ88,,,,,,,,,,
Charmve,,,,,,,,,,
XINCGer,,,,,,,,,,
LeoMobileDeveloper,,,,,,,,,,
losfair,,,,,,,,,,
knightliao,,,,,,,,,,
lychees,,,,,,,,,,
GoSSIP-SJTU,,,,,,,,,,
EspressifApp,,,,,,,,,,
songquanpeng,,,,,,,,,,
cyfdecyf,,,,,,,,,,
zombieJ,,,,,,,,,,
shrekshrek,,,,,,,,,,
ExpLangcn,,,,,,,,,,
lightningMan,,,,,,,,,,
houbb,,,,,,,,,,
liu21st,,,,,,,,,,
wnzhang,,,,,,,,,,
jikeytang,,,,,,,,,,
xiewenwei,,,,,,,,,,
zensh,,,,,,,,,,
cfc4n,,,,,,,,,,
nobodyiam,,,,,,,,,,
journey-ad,,,,,,,,,,
KeKe-Li,,,,,,,,,,
Jocs,,,,,,,,,,
mcxtzhang,,,,,,,,,,
wingjay,,,,,,,,,,
leeight,,,,,,,,,,
zhuangbiaowei,,,,,,,,,,
fordream,,,,,,,,,,
flyerhzm,,,,,,,,,,
Becavalier,,,,,,,,,,
yangxue0827,,,,,,,,,,
cipchk,,,,,,,,,,
dsh0416,,,,,,,,,,
aksnzhy,,,,,,,,,,
linyiqun,,,,,,,,,,
levey,,,,,,,,,,
caesar0301,,,,,,,,,,
mashirozx,,,,,,,,,,
aozhimin,,,,,,,,,,
r0eXpeR,,,,,,,,,,
feifeibear,,,,,,,,,,
z-song,,,,,,,,,,
unix,,,,,,,,,,
kaleai,,,,,,,,,,
zhouguangming,,,,,,,,,,
hzy46,,,,,,,,,,
SeuTao,,,,,,,,,,
AlexV525,,,,,,,,,,
supnate,,,,,,,,,,
manageyp,,,,,,,,,,
RangiLyu,,,,,,,,,,
hit9,,,,,,,,,,
DavidCai1111,,,,,,,,,,
robbin,,,,,,,,,,
otakustay,,,,,,,,,,
EYHN,,,,,,,,,,
netcan,,,,,,,,,,
loody,,,,,,,,,,
jdneo,,,,,,,,,,
yinjihuan,,,,,,,,,,
tanjiti,,,,,,,,,,
ma6174,,,,,,,,,,
BernardXiong,,,,,,,,,,
Doraemonzzz,,,,,,,,,,
JeasonWong,,,,,,,,,,
MuYunyun,,,,,,,,,,
wuhan005,,,,,,,,,,
Leopoldthecoder,,,,,,,,,,
jkchao,,,,,,,,,,
xen0n,,,,,,,,,,
laobie,,,,,,,,,,
taoso,,,,,,,,,,
ZigaoWang,,,,,,,,,,
renkun-ken,,,,,,,,,,
ElemeFE,,,,,,,,,,
andyzhangx,,,,,,,,,,
lietoumai,,,,,,,,,,
yixuan,,,,,,,,,,
jamesge,,,,,,,,,,
lotabout,,,,,,,,,,
breezewish,,,,,,,,,,
hetong007,,,,,,,,,,
MegatronKing,,,,,,,,,,
kingname,,,,,,,,,,
tonybase,,,,,,,,,,
tinyfool,,,,,,,,,,
JJYing,,,,,,,,,,
PhotonQuantum,,,,,,,,,,
lni,,,,,,,,,,
Jinxiansen,,,,,,,,,,
GeekLiB,,,,,,,,,,
ginuerzh,,,,,,,,,,
ltebean,,,,,,,,,,
sun0225SUN,,,,,,,,,,
Sneezry,,,,,,,,,,
sisterAn,,,,,,,,,,
sunniejs,,,,,,,,,,
qiankanglai,,,,,,,,,,
erning,,,,,,,,,,
ithewei,,,,,,,,,,
adah1972,,,,,,,,,,
Enter-tainer,,,,,,,,,,
jerrykuku,,,,,,,,,,
Frank-Zhu,,,,,,,,,,
wey-gu,,,,,,,,,,
jkzing,,,,,,,,,,
kitelife,,,,,,,,,,
ShenQingchuan,,,,,,,,,,
godweiyang,,,,,,,,,,
billryan,,,,,,,,,,
seedante,,,,,,,,,,
skyvow,,,,,,,,,,
cubercsl,,,,,,,,,,
NELSONZHAO,,,,,,,,,,
AnoyiX,,,,,,,,,,
hawkingrei,,,,,,,,,,
ElderJames,,,,,,,,,,
vikingmute,,,,,,,,,,
endymecy,,,,,,,,,,
creeperyang,,,,,,,,,,
WenmuZhou,,,,,,,,,,
AlloVince,,,,,,,,,,
XVilka,,,,,,,,,,
allenhsu,,,,,,,,,,
ArthurChiao,,,,,,,,,,
jobbole,,,,,,,,,,
junqiangchen,,,,,,,,,,
txsun1997,,,,,,,,,,
desmond1121,,,,,,,,,,
LeetCode-China,,,,,,,,,,
pacoxu,,,,,,,,,,
army8735,,,,,,,,,,
dastagir-ahmed,,,,,,,,,,
SJTU-IPADS,,,,,,,,,,
Sanster,,,,,,,,,,
xupsh,,,,,,,,,,
Simon-He95,,,,,,,,,,
nb312,,,,,,,,,,
ethanhua,,,,,,,,,,
luikore,,,,,,,,,,
moesoha,,,,,,,,,,
vvpvvp,,,,,,,,,,
PureWhiteWu,,,,,,,,,,
langgithub,,,,,,,,,,
oovm,,,,,,,,,,
SimonZhangITer,,,,,,,,,,
stone-zeng,,,,,,,,,,
ciaochaos,,,,,,,,,,
rainyear,,,,,,,,,,
gxcsoccer,,,,,,,,,,
ZhouYixun,,,,,,,,,,
mmoaay,,,,,,,,,,
LangziFun,,,,,,,,,,
fengzhizi715,,,,,,,,,,
AAChartModel,,,,,,,,,,
zengyh1900,,,,,,,,,,
giraffe0813,,,,,,,,,,
gaussic,,,,,,,,,,
yulunzhang,,,,,,,,,,
Doragd,,,,,,,,,,
wayslog,,,,,,,,,,
whai362,,,,,,,,,,
chanjarster,,,,,,,,,,
dkmeteor,,,,,,,,,,
barry-ran,,,,,,,,,,
MengRao,,,,,,,,,,
bettenW,,,,,,,,,,
CreditTone,,,,,,,,,,
Thinklab-SJTU,,,,,,,,,,
mzz2017,,,,,,,,,,
cooelf,,,,,,,,,,
linlinjava,,,,,,,,,,
cofyc,,,,,,,,,,
hhstore,,,,,,,,,,
huailiang,,,,,,,,,,
PytLab,,,,,,,,,,
qmwu2000,,,,,,,,,,
osteele,,,,,,,,,,
softwind0214,,,,,,,,,,
jackeyGao,,,,,,,,,,
ElegantLaTeX,,,,,,,,,,
zry656565,,,,,,,,,,
WeihanLi,,,,,,,,,,
heibaiying,,,,,,,,,,
litaotao,,,,,,,,,,
frankdevhub,,,,,,,,,,
LittleSound,,,,,,,,,,
Tamicer,,,,,,,,,,
foamliu,,,,,,,,,,
yangzhe1991,,,,,,,,,,
w446108264,,,,,,,,,,
chinese-poetry,,,,,,,,,,
wangyasai,,,,,,,,,,
CodeSama346623,,,,,,,,,,
zmmbreeze,,,,,,,,,,
shalldie,,,,,,,,,,
Hzfengsy,,,,,,,,,,
panghaijiao,,,,,,,,,,
alexinea,,,,,,,,,,
BolexLiu,,,,,,,,,,
cubxxw,,,,,,,,,,
DCjanus,,,,,,,,,,
jagt,,,,,,,,,,
celeron533,,,,,,,,,,
qq547276542,,,,,,,,,,
nttstar,,,,,,,,,,
xiandanin,,,,,,,,,,
madneal,,,,,,,,,,
zhanwen,,,,,,,,,,
why404,,,,,,,,,,
jokermonn,,,,,,,,,,
yanghua,,,,,,,,,,
dfguo,,,,,,,,,,
JackonYang,,,,,,,,,,
lifeiteng,,,,,,,,,,
shadowcz007,,,,,,,,,,
qiyuangong,,,,,,,,,,
bxm0927,,,,,,,,,,
nanxiaobei,,,,,,,,,,
yangminz,,,,,,,,,,
mrluanma,,,,,,,,,,
TianLin0509,,,,,,,,,,
hackerzhou,,,,,,,,,,
Teaonly,,,,,,,,,,
fffonion,,,,,,,,,,
percent4,,,,,,,,,,
linexjlin,,,,,,,,,,
wzhudev,,,,,,,,,,
daxnet,,,,,,,,,,
hnes,,,,,,,,,,
Kyle-Ye,,,,,,,,,,
QiShaoXuan,,,,,,,,,,
MoZhouqi,,,,,,,,,,
nimoc,,,,,,,,,,
lkml-likexu,,,,,,,,,,
LuckSiege,,,,,,,,,,
hli2020,,,,,,,,,,
chenxuuu,,,,,,,,,,
yuzd,,,,,,,,,,
yanyongyu,,,,,,,,,,
Moriadry-zz,,,,,,,,,,
undefined-moe,,,,,,,,,,
Leifzhang,,,,,,,,,,
makeapp,,,,,,,,,,
jasonross,,,,,,,,,,
Jeff-sjtu,,,,,,,,,,
ghosert,,,,,,,,,,
philcn,,,,,,,,,,
goddyZhao,,,,,,,,,,
ShiningRay,,,,,,,,,,
h-a-n-a,,,,,,,,,,
Sorosliu1029,,,,,,,,,,
youjiali1995,,,,,,,,,,
zhuwenxing,,,,,,,,,,
zthxxx,,,,,,,,,,
SuneBear,,,,,,,,,,
Garfield550,,,,,,,,,,
u-u-z,,,,,,,,,,
DreamWaterFound,,,,,,,,,,
tangyouhua,,,,,,,,,,
tchaikov,,,,,,,,,,
h4ckdepy,,,,,,,,,,
shiyunbo,,,,,,,,,,
meiqua,,,,,,,,,,
changsanjiang,,,,,,,,,,
lygttpod,,,,,,,,,,
luciouskami,,,,,,,,,,
tony612,,,,,,,,,,
sangmingming,,,,,,,,,,
livc,,,,,,,,,,
hylarucoder,,,,,,,,,,
amorist,,,,,,,,,,
oa414,,,,,,,,,,
shixinzhang,,,,,,,,,,
lightszero,,,,,,,,,,
yimengfan,,,,,,,,,,
johnnychen94,,,,,,,,,,
DirtyHarryLYL,,,,,,,,,,
archbobo,,,,,,,,,,
ottomao,,,,,,,,,,
openproject,,,,,,,,,,
oneinstack,,,,,,,,,,
Tamsiree,,,,,,,,,,
sequoiar,,,,,,,,,,
haoxins,,,,,,,,,,
raoenhui,,,,,,,,,,
wangdahoo,,,,,,,,,,
mc-zone,,,,,,,,,,
lijinma,,,,,,,,,,
SuperSodaSea,,,,,,,,,,
rainux,,,,,,,,,,
FXTD-ODYSSEY,,,,,,,,,,
erikzhang,,,,,,,,,,
ai-winter,,,,,,,,,,
Omooo,,,,,,,,,,
dixudx,,,,,,,,,,
orca-zhang,,,,,,,,,,
mzule,,,,,,,,,,
downdemo,,,,,,,,,,
youngfish42,,,,,,,,,,
Linzaer,,,,,,,,,,
changmingxie,,,,,,,,,,
zhenrong-wang,,,,,,,,,,
Tedko,,,,,,,,,,
SteNicholas,,,,,,,,,,
yeahx,,,,,,,,,,
im0qianqian,,,,,,,,,,
eson15,,,,,,,,,,
JaredTan95,,,,,,,,,,
peterzheng98,,,,,,,,,,
ErosZy,,,,,,,,,,
xiangsx,,,,,,,,,,
hzh0425,,,,,,,,,,
HaojunRen,,,,,,,,,,
marywangran,,,,,,,,,,
ctripcorp,,,,,,,,,,
Sitoi,,,,,,,,,,
langyo,,,,,,,,,,
AirGuanZ,,,,,,,,,,
wxs77577,,,,,,,,,,
tyshiwo,,,,,,,,,,
netpi,,,,,,,,,,
netwarm007,,,,,,,,,,
josephzhang23,,,,,,,,,,
owent,,,,,,,,,,
austinhuang0131,,,,,,,,,,
LeetCode-OpenSource,,,,,,,,,,
kpzhang93,,,,,,,,,,
waderwu,,,,,,,,,,
tpoisonooo,,,,,,,,,,
8enet,,,,,,,,,,
lework,,,,,,,,,,
Rhilip,,,,,,,,,,
ecomfe,,,,,,,,,,
Artoria2e5,,,,,,,,,,
CeuiLiSA,,,,,,,,,,
LuckyZXL2016,,,,,,,,,,
Lax,,,,,,,,,,
leftthomas,,,,,,,,,,
mfanjie,,,,,,,,,,
lealife,,,,,,,,,,
hiddenzzh,,,,,,,,,,
Kyson,,,,,,,,,,
wolfogre,,,,,,,,,,
ichn-hu,,,,,,,,,,
hanxiaomax,,,,,,,,,,
baowenbo,,,,,,,,,,
xxjwxc,,,,,,,,,,
SeanLee97,,,,,,,,,,
zsummer,,,,,,,,,,
wenfangdu,,,,,,,,,,
lovelyyoshino,,,,,,,,,,
kittencup,,,,,,,,,,
apanly,,,,,,,,,,
smallpath,,,,,,,,,,
KexyBiscuit,,,,,,,,,,
smallsnail-wh,,,,,,,,,,
starnightcyber,,,,,,,,,,
peterjc123,,,,,,,,,,
simonguo,,,,,,,,,,
liuwons,,,,,,,,,,
xubinux,,,,,,,,,,
grissomsh,,,,,,,,,,
jijiechen,,,,,,,,,,
imClumsyPanda,,,,,,,,,,
yechaoa,,,,,,,,,,
hughfenghen,,,,,,,,,,
clojurians-org,,,,,,,,,,
qddegtya,,,,,,,,,,
kalcaddle,,,,,,,,,,
x-hw,,,,,,,,,,
Yuan-ManX,,,,,,,,,,
laurentkneip,,,,,,,,,,
u3u,,,,,,,,,,
alinxalinx,,,,,,,,,,
jzlxiaohei,,,,,,,,,,
objcoding,,,,,,,,,,
idootop,,,,,,,,,,
yyong119,,,,,,,,,,
dyng,,,,,,,,,,
classicemi,,,,,,,,,,
OpenGG,,,,,,,,,,
zhausong,,,,,,,,,,
JosephZhu1983,,,,,,,,,,
Miachol,,,,,,,,,,
JonyFang,,,,,,,,,,
guileen,,,,,,,,,,
polyrabbit,,,,,,,,,,
TsingZ0,,,,,,,,,,
sjtug,,,,,,,,,,
wishstudio,,,,,,,,,,
Aleafy,,,,,,,,,,
zhangyoufu,,,,,,,,,,
XiaoMiku01,,,,,,,,,,
AlexGeControl,,,,,,,,,,
zhangxiaoyu-zidif,,,,,,,,,,
yzhangcs,,,,,,,,,,
Evensgn,,,,,,,,,,
zh99998,,,,,,,,,,
ChinaQMTECH,,,,,,,,,,
Galaxies99,,,,,,,,,,
Morizeyao,,,,,,,,,,
Penglai-Enclave,,,,,,,,,,
voldikss,,,,,,,,,,
YanagiEiichi,,,,,,,,,,
Tai-Wang,,,,,,,,,,
DequanWang,,,,,,,,,,
lxyu,,,,,,,,,,
robopeak,,,,,,,,,,
KengoTODA,,,,,,,,,,
nnhy,,,,,,,,,,
AngelMonica126,,,,,,,,,,
zhuweiyou,,,,,,,,,,
WalterInSH,,,,,,,,,,
ddadaal,,,,,,,,,,
wzmsltw,,,,,,,,,,
Moosphan,,,,,,,,,,
Yggdroot,,,,,,,,,,
xyjigsaw,,,,,,,,,,
haifengat,,,,,,,,,,
sijichun,,,,,,,,,,
KevinWang15,,,,,,,,,,
wdlhao,,,,,,,,,,
yaocccc,,,,,,,,,,
JinHai-CN,,,,,,,,,,
TencentYouTu,,,,,,,,,,
EBWi11,,,,,,,,,,
599316527,,,,,,,,,,
kennymckormick,,,,,,,,,,
adrian-wang,,,,,,,,,,
gonnavis,,,,,,,,,,
hantmac,,,,,,,,,,
bcmi,,,,,,,,,,
vision4robotics,,,,,,,,,,
LiMeii,,,,,,,,,,
sjlleo,,,,,,,,,,
ssthouse,,,,,,,,,,
zslomo,,,,,,,,,,
bonfy,,,,,,,,,,
Kaijun,,,,,,,,,,
realJustinLee,,,,,,,,,,
XinJingHao,,,,,,,,,,
oikomi,,,,,,,,,,
iChenLei,,,,,,,,,,
Stay,,,,,,,,,,
simonsmh,,,,,,,,,,
Paper-Pen,,,,,,,,,,
1357310795,,,,,,,,,,
liluo,,,,,,,,,,
nimengbo,,,,,,,,,,
mckelvin,,,,,,,,,,
lightory,,,,,,,,,,
MisakiKata,,,,,,,,,,
ingra14m,,,,,,,,,,
jin10086,,,,,,,,,,
js-newbee,,,,,,,,,,
caohuilin,,,,,,,,,,
caiyue1993,,,,,,,,,,
gumblex,,,,,,,,,,
tonysy,,,,,,,,,,
Lchiffon,,,,,,,,,,
hbb1,,,,,,,,,,
jxlwqq,,,,,,,,,,
penguin-wwy,,,,,,,,,,
b1gtang,,,,,,,,,,
bolasblack,,,,,,,,,,
jameslz,,,,,,,,,,
Zero-Tang,,,,,,,,,,
danping,,,,,,,,,,
Knight-ZXW,,,,,,,,,,
doubledaibo,,,,,,,,,,
zjffdu,,,,,,,,,,
yiranran,,,,,,,,,,
liaojinxing,,,,,,,,,,
monadbobo,,,,,,,,,,
hegaojian,,,,,,,,,,
heanxu,,,,,,,,,,
furybean,,,,,,,,,,
ShannonChenCHN,,,,,,,,,,
xfguo,,,,,,,,,,
ainilili,,,,,,,,,,
jjeffcaii,,,,,,,,,,
TencentYoutuResearch,,,,,,,,,,
KevinOfNeu,,,,,,,,,,
leftstick,,,,,,,,,,
qitianwu,,,,,,,,,,
JeffMony,,,,,,,,,,
water8394,,,,,,,,,,
bloodycoder,,,,,,,,,,
wzshiming,,,,,,,,,,
turkyden,,,,,,,,,,
dujiajun,,,,,,,,,,
wangyum,,,,,,,,,,
chunhuajiang,,,,,,,,,,
sticnarf,,,,,,,,,,
Ashinch,,,,,,,,,,
jcf94,,,,,,,,,,
dingxiaowei,,,,,,,,,,
Hengle,,,,,,,,,,
HoshinoTouko,,,,,,,,,,
undoZen,,,,,,,,,,
EspressifSystems,,,,,,,,,,
ningyu1,,,,,,,,,,
xujinyang,,,,,,,,,,
j5s,,,,,,,,,,
xyczero,,,,,,,,,,
GToad,,,,,,,,,,
longbai,,,,,,,,,,
MLEveryday,,,,,,,,,,
lxneng,,,,,,,,,,
DeqianBai,,,,,,,,,,
tatsuya6502,,,,,,,,,,
LeoQ7,,,,,,,,,,
hutusi,,,,,,,,,,
haoxianrui,,,,,,,,,,
yejianye,,,,,,,,,,
Chaphlagical,,,,,,,,,,
liyishuai,,,,,,,,,,
OceanPang,,,,,,,,,,
DiamondYuan,,,,,,,,,,
wgtdkp,,,,,,,,,,
CDog34,,,,,,,,,,
SevenOutman,,,,,,,,,,
ZhikangNiu,,,,,,,,,,
MxABC,,,,,,,,,,
reitowo,,,,,,,,,,
yingl,,,,,,,,,,
cnlinxi,,,,,,,,,,
TJ-CSCCG,,,,,,,,,,
noahcao,,,,,,,,,,
xalanq,,,,,,,,,,
dsdshcym,,,,,,,,,,
huxq17,,,,,,,,,,
Hzzone,,,,,,,,,,
dushibaiyu,,,,,,,,,,
Yang-Xijie,,,,,,,,,,
wenerme,,,,,,,,,,
CyrusF,,,,,,,,,,
lyfeyaj,,,,,,,,,,
jessetalk,,,,,,,,,,
jckling,,,,,,,,,,
Aaaaaaron,,,,,,,,,,
yumi0629,,,,,,,,,,
lmmsoft,,,,,,,,,,
macdao,,,,,,,,,,
ChenBohan,,,,,,,,,,
dong77,,,,,,,,,,
wangrui460,,,,,,,,,,
youjin255,,,,,,,,,,
pwxcoo,,,,,,,,,,
seognil,,,,,,,,,,
Ahoo-Wang,,,,,,,,,,
Aneureka,,,,,,,,,,
fyuanfen,,,,,,,,,,
dianping,,,,,,,,,,
dozer47528,,,,,,,,,,
liaogx,,,,,,,,,,
Singosgu,,,,,,,,,,
fudan-zvg,,,,,,,,,,
qianjiachun,,,,,,,,,,
joyoyao,,,,,,,,,,
kesalin,,,,,,,,,,
PanQiWei,,,,,,,,,,
eragonruan,,,,,,,,,,
elrrrrrrr,,,,,,,,,,
KSkun,,,,,,,,,,
chaoma99,,,,,,,,,,
coderZsq,,,,,,,,,,
njcx,,,,,,,,,,
zehuichen123,,,,,,,,,,
lwch,,,,,,,,,,
UxxHans,,,,,,,,,,
nanshihui,,,,,,,,,,
sunoj,,,,,,,,,,
taojy123,,,,,,,,,,
jimmykuu,,,,,,,,,,
BestDingSheng,,,,,,,,,,
6boris,,,,,,,,,,
zcong1993,,,,,,,,,,
elliotxx,,,,,,,,,,
Fazziekey,,,,,,,,,,
xiaoronglv,,,,,,,,,,
mahavivo,,,,,,,,,,
observerss,,,,,,,,,,
pibigstar,,,,,,,,,,
DFRobot,,,,,,,,,,
cs1ime,,,,,,,,,,
jumper2014,,,,,,,,,,
Andy1621,,,,,,,,,,
RevySR,,,,,,,,,,
iofu728,,,,,,,,,,
zhpanvip,,,,,,,,,,
lz1998,,,,,,,,,,
zhiqiangxu,,,,,,,,,,
Anticorianderist,,,,,,,,,,
wzxha,,,,,,,,,,
sec-an,,,,,,,,,,
adohe-zz,,,,,,,,,,
chenxuan0000,,,,,,,,,,
osgochina,,,,,,,,,,
Lancern,,,,,,,,,,
geekwolf,,,,,,,,,,
childrentime,,,,,,,,,,
jasonGeng88,,,,,,,,,,
Maxwin-z,,,,,,,,,,
yongluo2013,,,,,,,,,,
liguobao,,,,,,,,,,
IFmiss,,,,,,,,,,
OysterQAQ,,,,,,,,,,
sillykelvin,,,,,,,,,,
HillZhang1999,,,,,,,,,,
Bywalks,,,,,,,,,,
wolf96,,,,,,,,,,
tashaxing,,,,,,,,,,
chenkkkk,,,,,,,,,,
felixhao,,,,,,,,,,
liangxiegame,,,,,,,,,,
soarqin,,,,,,,,,,
comzyh,,,,,,,,,,
worldzhao,,,,,,,,,,
xdd666t,,,,,,,,,,
wegamekinglc,,,,,,,,,,
miclle,,,,,,,,,,
ultmaster,,,,,,,,,,
shyoshyo,,,,,,,,,,
waynebaby,,,,,,,,,,
xw-hu,,,,,,,,,,
EthanDeng,,,,,,,,,,
eshengsky,,,,,,,,,,
qiu8310,,,,,,,,,,
hitokoto-osc,,,,,,,,,,
lygztq,,,,,,,,,,
YesianRohn,,,,,,,,,,
Misaka13514,,,,,,,,,,
vincentpanqi,,,,,,,,,,
forehalo,,,,,,,,,,
harryhare,,,,,,,,,,
XiaoTaoWang,,,,,,,,,,
WilberTian,,,,,,,,,,
rk2900,,,,,,,,,,
tabokie,,,,,,,,,,
JavaNoober,,,,,,,,,,
bootsrc,,,,,,,,,,
StevenLiuWen,,,,,,,,,,
jimexist,,,,,,,,,,
rudeigerc,,,,,,,,,,
klboke,,,,,,,,,,
eleme,,,,,,,,,,
QipengGuo,,,,,,,,,,
CraryPrimitiveMan,,,,,,,,,,
skygragon,,,,,,,,,,
zw76859420,,,,,,,,,,
black-binary,,,,,,,,,,
windoze,,,,,,,,,,
nighca,,,,,,,,,,
EricGao888,,,,,,,,,,
HiWong,,,,,,,,,,
